{"cameraMode":{"drawMode":0,"name":"Shaded","section":"Shading Mode"},"sceneLighting":false,"audioPlay":false,"sceneViewState":{"showFog":true,"showMaterialUpdate":true,"showSkybox":false,"showFlares":true,"showImageEffects":true,"showParticleSystems":true,"showVisualEffectGraphs":true,"m_FxEnabled":true},"in2DMode":false,"pivot":{"x":0.048250675201416019,"y":-0.008570551872253418,"z":0.012944221496582032},"rotation":{"x":0.09260506182909012,"y":0.07460593432188034,"z":-0.006958985235542059,"w":0.9928820729255676},"size":0.6123724579811096,"orthographic":true}