{"cameraMode":{"drawMode":0,"name":"Shaded","section":"Shading Mode"},"sceneLighting":false,"audioPlay":false,"sceneViewState":{"showFog":true,"showMaterialUpdate":true,"showSkybox":false,"showFlares":true,"showImageEffects":true,"showParticleSystems":true,"showVisualEffectGraphs":true,"m_FxEnabled":true},"in2DMode":false,"pivot":{"x":0.49173879623413088,"y":0.16704070568084718,"z":-0.22866889834403993},"rotation":{"x":0.22266103327274323,"y":0.16718807816505433,"z":-0.03886837884783745,"w":0.9596534371376038},"size":1.9658517837524415,"orthographic":false}